rdata$group,AR,BE,XX,CM,DL,geom,,,UN,LS1,LS2,HS1,HS2
1,0.217068944,0,0.181625523,0.525750637,0.075554909,0.004279504,,,0.065176253,0.024072731,0.024429021,0.66969852,0.216624188
2,0.050574979,0.177665554,0,0.567865698,0.203896474,0.00437688,,,,,,,
3,0.017544724,0,0,0.543451695,0.439003632,0.00439248,,,,,,,
4,0.150166717,0,0.279136626,0.376471377,0.194225286,0.004193018,,,,,,,
5,0,0,0,0.664867896,0.335132134,0.004584374,,,This was obtained by limiting the analysis to the 30 species which had more than 10 presences and absences,,,,
6,0.258189598,0,0,0.652363876,0.089448941,0.004374393,,,,,,,
7,0.124779012,0.052917642,0.034723417,0.50263028,0.284949728,0.004267995,,,,,,,
8,0.002903865,0,0.089179156,0.782914601,0.125005119,0.00436527,,,,,,,
9,0.039182197,0,0.036681873,0.624028044,0.300107964,0.004334813,,,,,,,
10,0.196949383,0,0,0.711652665,0.09139798,0.004396568,,,,,,,
11,0,0.070464372,0,0.666810494,0.262725175,0.00423693,,,,,,,
12,0.046195321,0.168051932,0,0.534186904,0.251565875,0.004371261,,,,,,,
13,0.117971157,0,0,0.882031549,0,0.004570812,,,,,,,
14,0,0.069515508,0,0.655742607,0.27474187,0.00441522,,,,,,,
15,0.067675778,0,0,0.749753622,0.182570642,0.004438042,,,,,,,
16,0,0,0,0.866669531,0.13333051,0.004574108,,,,,,,
17,0.0448269,0.217892495,0,0.737283352,0,0.004254866,,,,,,,
18,0.181770455,0,0,0.818230552,0,0.004499986,,,,,,,
19,0.103769234,0.063294252,0,0.685516784,0.147420371,0.004372218,,,,,,,
20,0,0.165741645,0,0.573517494,0.260743296,0.004249086,,,,,,,
21,0.029793716,0,0.043309672,0.605248729,0.321650552,0.004470574,,,,,,,
22,0,0,0,0.777064272,0.222935795,0.004688738,,,,,,,
23,0,0.154544895,0,0.682044909,0.163410228,0.004294568,,,,,,,
24,0.106978143,0,0,0.725252156,0.167769768,0.004428137,,,,,,,
25,0.077356363,0,0.096640717,0.826002997,0,0.004369603,,,,,,,
26,0.036569382,0.024936614,0,0.628639358,0.309854699,0.00448709,,,,,,,
27,0.034437799,0,0,0.627870234,0.337694475,0.004314973,,,,,,,
28,0,0.108810964,0,0.627869204,0.263319889,0.004256296,,,,,,,
29,0.202741042,0,0,0.660207208,0.137054057,0.004328848,,,,,,,
30,0,0,0,0.612860429,0.387139607,0.004435257,,,,,,,
31,0,0.082047452,0,0.689217925,0.228734608,0.004373291,,,,,,,
32,0.094853413,0,0,0.668839665,0.236308091,0.004349417,,,,,,,
33,0,0,0.130889757,0.635598242,0.233512024,0.004387932,,,,,,,
34,0.077628688,0,0,0.922371336,0,0.004511928,,,,,,,
35,0.033398984,0.125870342,0,0.597840288,0.242890434,0.004316088,,,,,,,
36,0.028646921,0,0,0.623242021,0.348111079,0.00427012,,,,,,,
37,0,0,0,0.728432257,0.271567788,0.004400773,,,,,,,
38,0.050827396,0,0,0.691548205,0.257624461,0.004474294,,,,,,,
39,0.028243754,0.043078446,0.060110419,0.607252775,0.261317339,0.004490609,,,,,,,
40,0.176299537,0.033092311,0,0.759400255,0.031210426,0.004386252,,,,,,,
41,0,0,0,0.738521721,0.261478325,0.004528806,,,,,,,
42,0.108723045,0,0,0.571212965,0.320063992,0.0043645,,,,,,,
43,0.078246593,0,0.030941484,0.692426879,0.19838507,0.004339689,,,,,,,
44,0.119373633,0,0.117730849,0.712870652,0.050027632,0.004311784,,,,,,,
45,0.079343839,0,0,0.559222186,0.361434004,0.004334667,,,,,,,
46,0,0.001494292,0,0.561821626,0.436684111,0.004167096,,,,,,,
47,0,0,0,0.691690316,0.308309708,0.004342287,,,,,,,
48,0.242414957,0.019868381,0,0.718522843,0.0191939,0.004300426,,,,,,,
49,0,0,0.016674907,0.661457136,0.321867996,0.004530512,,,,,,,
50,0.085380751,0,0,0.626901554,0.287720443,0.004315058,,,,,,,
51,0.03482795,0.057578187,0,0.754066108,0.153527764,0.004251694,,,,,,,
52,0.077669853,0,0.098777273,0.63958279,0.183972793,0.004362975,,,,,,,
53,0,0,0,0.771324042,0.228676011,0.004375076,,,,,,,
54,0.248663589,0,0,0.728183174,0.023153352,0.00431268,,,,,,,
55,0.040811735,0,0,0.650726726,0.308461523,0.004413279,,,,,,,
56,0.070005035,0,0.054086843,0.488414677,0.387493456,0.004311028,,,,,,,
57,0,0.093958714,0,0.64285929,0.263182047,0.004261216,,,,,,,
58,0.186975665,0.035409792,0,0.695459435,0.082155192,0.004293446,,,,,,,
59,0.065642792,0,0,0.75944635,0.174910903,0.004474995,,,,,,,
60,0.033903033,0.122630142,0,0.674151804,0.169315085,0.004393094,,,,,,,
61,0,0,0,0.660731611,0.339268391,0.004437614,,,,,,,
62,0.122226438,0,0,0.798640844,0.079132746,0.004545579,,,,,,,
63,0,0,0.15454269,0.48094876,0.36450855,0.004378408,,,,,,,
64,0.091760972,0.102410502,0,0.714169489,0.091659039,0.004231153,,,,,,,
65,0.098217009,0,0.155055709,0.682269272,0.064460749,0.004262578,,,,,,,
66,0.001959137,0,0.049853959,0.700878696,0.247308184,0.004456893,,,,,,,
67,0,0,0,0.65189258,0.348107456,0.004458287,,,,,,,
68,0.112875406,0,0,0.621719745,0.265404883,0.004310564,,,,,,,
69,0,0,0,0.771855686,0.228144345,0.004597062,,,,,,,
70,0,0.049933393,0,0.80398989,0.146076787,0.00436336,,,,,,,
71,0.013146209,0.073184575,0,0.668336264,0.245335138,0.004331623,,,,,,,
72,0.103728224,0,0,0.778444567,0.11782723,0.004379863,,,,,,,
73,0,0.090184016,0,0.645735532,0.264080513,0.004287811,,,,,,,
74,0.11403088,0,0.049131112,0.587577733,0.249263038,0.004350757,,,,,,,
75,0.09422977,0,0,0.649448092,0.256322237,0.004360106,,,,,,,
76,0,0,0.151137234,0.573171805,0.275691008,0.004204706,,,,,,,
77,0,0.083997152,0,0.597717903,0.318284933,0.004429467,,,,,,,
78,0.044829801,0.080991549,0,0.688524676,0.185653998,0.004461235,,,,,,,
79,0.104600397,0,0.044494213,0.493261481,0.357643918,0.00430368,,,,,,,
80,0.058080978,0.013459112,0.162293507,0.503011003,0.263155427,0.004293269,,,,,,,
81,0.206564962,0,0,0.575258655,0.218176412,0.004345346,,,,,,,
82,0.228102547,0,0,0.53143774,0.240462414,0.004234375,,,,,,,
83,0,0.067274538,0,0.609968318,0.322757193,0.004340092,,,,,,,
84,0.098085823,0,0,0.901916851,0,0.004377867,,,,,,,
85,0,0,0,0.794176309,0.20582373,0.004593767,,,,,,,
86,0.198154436,0,0,0.643565252,0.158283054,0.004439773,,,,,,,
87,0.22016965,0.037205682,0,0.721961439,0.020665954,0.004498325,,,,,,,
88,0.253601885,0.069844013,0,0.676556839,0,0.004242386,,,,,,,
89,0,0.044155224,0,0.535350739,0.420494051,0.004332042,,,,,,,
90,0.128997077,0,0,0.606121261,0.264881697,0.004439542,,,,,,,
91,0,0.03166652,0.132737321,0.646364454,0.189234464,0.004303867,,,,,,,
92,0,0,0,1,0,0.00448031,,,,,,,
93,0.074103594,0,0,0.701553806,0.224342642,0.004406518,,,,,,,
94,0.114115043,0,0,0.727214669,0.158672624,0.004237601,,,,,,,
95,0.023236508,0,0.048663057,0.627681964,0.300418514,0.004413004,,,,,,,
96,0,0.117980363,0,0.533100374,0.34891928,0.004297216,,,,,,,
97,0.272117343,0,0.016108998,0.590493189,0.121280528,0.004173825,,,,,,,
98,0.194609096,0,0.075847385,0.603046375,0.126499888,0.004276404,,,,,,,
99,0.094549425,0,0.014368967,0.627735592,0.263348744,0.004472355,,,,,,,
100,0.107651779,0,0.002520231,0.616973816,0.272854199,0.004484728,,,,,,,
101,0.056485261,0,0,0.54463491,0.398879854,0.004420373,,,,,,,
102,0.128726297,0,0,0.754349456,0.116926967,0.004345148,,,,,,,
103,0,0.049335882,0.023979117,0.572368766,0.354318975,0.004404506,,,,,,,
104,0,0,0,0.731658181,0.268341847,0.004359969,,,,,,,
105,0,0.219924548,0,0.621451986,0.158623528,0.004356414,,,,,,,
106,0.172618371,0.082356872,0.084833199,0.660194293,0,0.004273822,,,,,,,
107,0.026576079,0,0,0.634190516,0.339236154,0.004351888,,,,,,,
108,0,0,0.120881146,0.640513552,0.238608007,0.004402694,,,,,,,
109,0,0,0,0.737223383,0.262776668,0.004428023,,,,,,,
110,0.042298447,0,0.019288947,0.712735531,0.22567711,0.004445768,,,,,,,
111,0,0,0,0.60632596,0.393674064,0.004416776,,,,,,,
112,0.074246159,0,0,0.608209927,0.317543971,0.004415661,,,,,,,
113,0.027511737,0.094792069,0,0.62072592,0.256970266,0.004335602,,,,,,,
114,0,0,0.060746812,0.747386495,0.191866703,0.004457941,,,,,,,
115,0.170518803,0,0,0.82948266,0,0.00452849,,,,,,,
116,0.173764021,0,0,0.676451629,0.149784433,0.004366395,,,,,,,
117,0.089740182,0,0.029707802,0.788820493,0.09173157,0.004428246,,,,,,,
118,0.118236603,0.041192767,0.13548355,0.426302191,0.278784939,0.004290132,,,,,,,
119,0.125355227,0,0.179299496,0.614562014,0.080785959,0.004243776,,,,,,,
120,0.044896489,0,0.099027482,0.71624921,0.139829513,0.004478845,,,,,,,
121,0.053291334,0.069022369,0,0.649587326,0.228101692,0.004258788,,,,,,,
122,0.131084013,0.104258509,0,0.486772322,0.277887819,0.004072407,,,,,,,
123,0.053394619,0,0.020976467,0.693508166,0.232120818,0.004501533,,,,,,,
124,0.106904562,0,0,0.777528997,0.115567542,0.004519801,,,,,,,
125,0.11582568,0,0,0.685949408,0.198227515,0.004362415,,,,,,,
126,0.00274151,0,0,0.685592827,0.311665703,0.004396985,,,,,,,
127,0.198640408,0.005888069,0,0.638889177,0.156582388,0.004333343,,,,,,,
128,0.126028997,0,0.023454899,0.753373108,0.097143038,0.004319272,,,,,,,
129,0.10635299,0.037049569,0.034930323,0.536789091,0.284878027,0.004435797,,,,,,,
130,0.176708536,0,0.061366681,0.761926999,0,0.004468288,,,,,,,
131,0.0596555,0,0,0.890222455,0.050122057,0.004462887,,,,,,,
132,0.144892742,0.011078538,0,0.483364897,0.360663832,0.004293305,,,,,,,
133,0.2609454,0,0,0.739055017,0,0.004477872,,,,,,,
134,0.093281418,0,0,0.65459934,0.252119301,0.004461803,,,,,,,
135,0.148448797,0.031350288,0,0.604353099,0.21584786,0.004316923,,,,,,,
136,0.01540741,0,0.049539273,0.720833289,0.214220088,0.00427773,,,,,,,
137,0.024744766,0.013966479,0,0.863063992,0.098224824,0.004442023,,,,,,,
138,0.065613195,0,0,0.550638777,0.38374805,0.004285344,,,,,,,
139,0.029586941,0,0,0.884293646,0.086122162,0.004326333,,,,,,,
140,0,0.138883905,0,0.495262615,0.365853479,0.004363436,,,,,,,
141,0.098043673,0,0,0.706197034,0.195759331,0.004609139,,,,,,,
142,4.20E-05,0.038630297,0,0.594935483,0.366394947,0.004377102,,,,,,,
143,0.003306842,0,0.201794941,0.660170541,0.134730391,0.004395294,,,,,,,
144,0.12607203,0,0,0.871257267,0.002670772,0.004551148,,,,,,,
145,0,0,0.154096636,0.753287196,0.092618894,0.004224111,,,,,,,
146,0,0,0,0.62572022,0.374279805,0.004488005,,,,,,,
147,0.226605482,0,0,0.675031776,0.098365487,0.004390829,,,,,,,
148,0,0,0,0.740204483,0.25979555,0.004653996,,,,,,,
149,0,0,0.083980709,0.592838326,0.323183642,0.004515369,,,,,,,
150,0.221586769,0,0,0.685213456,0.093202408,0.004321629,,,,,,,
151,0.20906437,0.116687119,0,0.674248562,0,0.004231209,,,,,,,
152,0,0,0.090374109,0.594641907,0.31498407,0.004493538,,,,,,,
153,0.066258205,0,0,0.672949761,0.260792114,0.004470915,,,,,,,
154,0.136403109,0,0.126110436,0.520205711,0.217280792,0.004264751,,,,,,,
155,0.07224709,0.015447132,0,0.870360253,0.041948194,0.004547776,,,,,,,
156,0.200865187,0,0,0.799135727,0,0.004440998,,,,,,,
157,0,0,0,0.613871051,0.386128969,0.004447601,,,,,,,
158,0.005843304,0,0.134160744,0.611376384,0.24862232,0.004300858,,,,,,,
159,0.006652012,0,0,0.855743544,0.137604493,0.004505081,,,,,,,
160,0.043965963,0,0,0.811521548,0.144515209,0.004502888,,,,,,,
161,0,0,0,0.752955404,0.247044662,0.004510564,,,,,,,
162,0,0,0.04867758,0.687230039,0.264092384,0.004577683,,,,,,,
163,0.075985206,0,0,0.603193979,0.320820849,0.004321719,,,,,,,
164,0.051726784,0,0,0.790875426,0.157397864,0.004415211,,,,,,,
165,0.039676034,0,0,0.637421968,0.32290204,0.004535341,,,,,,,
166,0.033425934,0,0.073054915,0.77306439,0.120457487,0.004451741,,,,,,,
167,0.087671338,0,0.056088477,0.698382069,0.157858216,0.004294618,,,,,,,
168,0.13152477,0,0,0.791559553,0.076915691,0.00433334,,,,,,,
169,0.129914163,0,0,0.75408997,0.115995888,0.004395377,,,,,,,
170,0,0.182306458,0,0.687027195,0.130668978,0.00424158,,,,,,,
171,0,0,0,0.740681388,0.259318665,0.00452309,,,,,,,
172,0,0,0.112464333,0.665400528,0.222135261,0.004361122,,,,,,,
173,0.116205137,0,0,0.680302861,0.203493355,0.004264535,,,,,,,
174,0.097198614,0,0,0.797446604,0.105354795,0.004419929,,,,,,,
175,0,0.054787147,0,0.776558152,0.168655995,0.004587279,,,,,,,
176,0,0,0,0.723364004,0.276636037,0.004500419,,,,,,,
177,0.047270033,0,0,0.557493716,0.395236258,0.00433948,,,,,,,
178,0,0,0,0.79489574,0.20510431,0.004424852,,,,,,,
179,0,0,0,0.72695818,0.27304185,0.00455799,,,,,,,
180,0.048143565,0,0,0.536797387,0.415061792,0.00428704,,,,,,,
181,0,0,0,0.750502095,0.249497937,0.004379639,,,,,,,
182,0.037711895,0,0,0.716910187,0.245380666,0.004357393,,,,,,,
183,0.170745618,0,0,0.469466239,0.359790891,0.004370736,,,,,,,
184,0,0,0,0.789039048,0.210960989,0.004514613,,,,,,,
185,0.135173153,0,0,0.648265235,0.216563421,0.00430956,,,,,,,
186,0.014440552,0.104905149,0,0.716192462,0.164461899,0.004309438,,,,,,,
187,0.253253966,0,0,0.697789315,0.048959137,0.004333298,,,,,,,
188,0.093471531,0,0.013157998,0.704599585,0.188770934,0.004440698,,,,,,,
189,0.043771293,0.030153118,0,0.670692787,0.255382834,0.004530479,,,,,,,
190,0.095801965,0.076293384,0,0.626209805,0.201694913,0.004394189,,,,,,,
191,0.013432195,0.037991528,0,0.732703556,0.215872771,0.00449592,,,,,,,
192,0.035637227,0,0,0.857042596,0.107320193,0.004413005,,,,,,,
193,0.03563895,0,0.115793868,0.667541553,0.181026444,0.0043599,,,,,,,
194,0.087944832,0,0.072854111,0.542386203,0.296817583,0.00432811,,,,,,,
195,0,0,0,0.765125575,0.234874456,0.00456034,,,,,,,
196,0.100428518,0.035982359,0,0.709219658,0.154369473,0.0042782,,,,,,,
197,0.03407292,0,0,0.804782139,0.161145015,0.004589242,,,,,,,
198,0.067091155,0.042805567,0.022188527,0.672796432,0.195118354,0.004319014,,,,,,,
199,0.066216475,0,0,0.692714864,0.241068676,0.004312868,,,,,,,
200,0.045895001,0,0,0.700737909,0.253367291,0.004429117,,,,,,,
201,0.062493827,0,0,0.793498031,0.144008184,0.004405967,,,,,,,
202,0.081083019,0,0.04419851,0.58699077,0.287727721,0.004331338,,,,,,,
203,0,0.121560781,0,0.617595623,0.260843639,0.004337433,,,,,,,
204,0,0,0,0.830049155,0.169951038,0.004483103,,,,,,,
205,0.021014498,0.170334644,0,0.468786406,0.339864519,0.004289279,,,,,,,
206,0.251669713,0,0,0.572912535,0.175418949,0.004240847,,,,,,,
207,0.042510821,0.082358225,0.060446984,0.454429365,0.360254615,0.004189067,,,,,,,
208,0.108841582,0,0,0.733203901,0.157954582,0.004574542,,,,,,,
209,0.067413824,0,0,0.798271063,0.13431513,0.004456654,,,,,,,
210,0.057820194,0,0,0.666821084,0.275358758,0.004319139,,,,,,,
211,0.030782104,0.077319261,0,0.516629806,0.375268825,0.004303788,,,,,,,
212,0,0,0.074555965,0.738340443,0.1871036,0.004404029,,,,,,,
213,0.076999623,0,0.016302241,0.604449696,0.302248432,0.004334748,,,,,,,
214,0,0,0.163705353,0.519109779,0.317184922,0.004412278,,,,,,,
215,0.076140255,0,0,0.6689351,0.25492472,0.004480542,,,,,,,
216,0.00428687,0,0.172309512,0.743342309,0.080061348,0.004406681,,,,,,,
217,0.034134541,0,0.069755014,0.678668388,0.217444806,0.004194636,,,,,,,
218,0.018275228,0,0,0.764954614,0.21677021,0.004500036,,,,,,,
219,0,0.147354958,0,0.625934119,0.226710964,0.004443601,,,,,,,
220,0,0.136868148,0,0.756001559,0.107132997,0.004396955,,,,,,,
221,0,0,0.103173864,0.799943001,0.096883146,0.004430473,,,,,,,
222,0.054761941,0.168444928,0,0.55306524,0.223727929,0.004213214,,,,,,,
223,0.069376023,0,0,0.740671669,0.189952357,0.004455066,,,,,,,
224,0,0,0.179597327,0.717129457,0.103273251,0.004361274,,,,,,,
225,0.116808853,0,0,0.542120571,0.341073301,0.004362455,,,,,,,
226,0,0.074465036,0,0.646711789,0.278823212,0.004460695,,,,,,,
227,0.035809739,0,0.135367453,0.555765188,0.273060316,0.004108504,,,,,,,
228,0.086489194,0,0,0.659590616,0.25392025,0.004460255,,,,,,,
229,0,0,0,0.839834401,0.160165653,0.004493344,,,,,,,
230,0,0.116140833,0,0.654485139,0.229374098,0.004352196,,,,,,,
231,0.033819972,0.030780416,0,0.52866488,0.406737495,0.004339154,,,,,,,
232,0.101321865,0,0,0.786035041,0.112643152,0.004537445,,,,,,,
233,0.197928576,0,0,0.763337298,0.038734174,0.004410974,,,,,,,
234,0.2251453,0,0,0.659895765,0.114958975,0.004370675,,,,,,,
235,0.127567209,0,0,0.808729922,0.063702872,0.004367651,,,,,,,
236,0.04514517,0.104388551,0,0.653803348,0.196663003,0.004192847,,,,,,,
237,0.098164696,0,0.058367473,0.658206351,0.18526155,0.004311243,,,,,,,
238,0.157659895,0.029581095,0,0.546218998,0.266540063,0.00430228,,,,,,,
239,0.13967751,0,0,0.837885124,0.022437413,0.004429744,,,,,,,
240,0,0,0.046564443,0.598335381,0.355102913,0.004372927,,,,,,,
241,0.112007798,0,0,0.756876252,0.131118681,0.004476305,,,,,,,
242,0.030166828,0,0,0.715422152,0.254411068,0.004282728,,,,,,,
243,0.059726708,0,0,0.664622672,0.27565065,0.004415439,,,,,,,
244,0.185872229,0,0,0.630833589,0.183296902,0.00439225,,,,,,,
245,0.050622077,0,0,0.72355404,0.225823943,0.00441519,,,,,,,
246,0.014999309,0,0.081172837,0.659952511,0.243875419,0.004376185,,,,,,,
247,0.051921638,0,0,0.668164219,0.279914129,0.00442422,,,,,,,
248,0.040813033,0.028191507,0,0.669926921,0.261071244,0.004485648,,,,,,,
249,0,0.019480451,0,0.646726887,0.333792762,0.004385718,,,,,,,
250,0.035146712,0.135509338,0,0.589135661,0.240208313,0.004251594,,,,,,,
251,0.118723676,0,0.089372717,0.583387257,0.208516384,0.004291305,,,,,,,
252,0,0.123452348,0,0.438912844,0.437637536,0.004443717,,,,,,,
253,0,0,0.152404194,0.738947081,0.108648735,0.00440202,,,,,,,
254,0.008650398,0,0,0.906014582,0.085337763,0.004560044,,,,,,,
255,0,0,0,0.818626743,0.181373337,0.004365141,,,,,,,
256,0,0,0.131628206,0.683691248,0.184681344,0.00435212,,,,,,,
257,0.056735246,0,0.11894949,0.487435924,0.336879385,0.004274142,,,,,,,
258,0.099217152,0.07612224,0,0.582179653,0.242481006,0.004330949,,,,,,,
259,0.027359537,0,0,0.767192384,0.205449504,0.00453107,,,,,,,
260,0,0,0,0.698910653,0.301089377,0.004459732,,,,,,,
261,0.015812039,0,0.089516675,0.682445705,0.212225598,0.004267228,,,,,,,
262,0.00460639,0,0.005782388,0.809452778,0.180161176,0.004293605,,,,,,,
263,0,0,0,0.875489658,0.124512825,0.004569771,,,,,,,
264,0.138799266,0,0.103409955,0.629893491,0.127897342,0.004269581,,,,,,,
265,0.166525785,0,0.146277612,0.570452604,0.116744043,0.004117343,,,,,,,
266,0.095969811,0,0.054132968,0.60049976,0.249397492,0.004444006,,,,,,,
267,0,0,0.2116216,0.378177961,0.410200764,0.004210312,,,,,,,
268,0.04380943,0,0,0.543892725,0.412297833,0.004270905,,,,,,,
269,0.145593357,0,0.079646005,0.504696433,0.270064224,0.004327492,,,,,,,
270,0,0,0,0.889066682,0.110933668,0.00446704,,,,,,,
271,0.162789749,0.120573888,0,0.664034695,0.05260437,0.004371549,,,,,,,
272,0.102624951,0,0.07492423,0.541077407,0.281376142,0.004278292,,,,,,,
273,0,0,0,0.604021117,0.395978891,0.004409699,,,,,,,
274,0.037266742,0,0,0.761302756,0.201430575,0.004528756,,,,,,,
275,0,0,0,0.724364947,0.275635106,0.004437959,,,,,,,
276,0.015341347,0,0,0.713411469,0.27124725,0.004542633,,,,,,,
277,0.099267039,0.098951946,0.024750825,0.710631371,0.066401508,0.004346004,,,,,,,
278,0,0.069600591,0,0.544468958,0.385932929,0.004412834,,,,,,,
279,0.046721963,0.077389803,0,0.619581992,0.256306331,0.004333206,,,,,,,
280,0,0,0.132739806,0.719508088,0.147754845,0.00444607,,,,,,,
281,0.107386282,0.138469251,0,0.516893148,0.237251333,0.004248942,,,,,,,
282,0,0,0.125709256,0.580900461,0.29339031,0.004303778,,,,,,,
283,0.134283548,0,0,0.761136153,0.104580288,0.004474369,,,,,,,
284,0.050743752,0,0,0.649160198,0.300096069,0.004308865,,,,,,,
285,0.091734461,0,0,0.663048624,0.245216967,0.004546327,,,,,,,
286,0.127590701,0,0,0.792177399,0.080234227,0.004471816,,,,,,,
287,0.133678244,0,0,0.565621308,0.300700476,0.004387448,,,,,,,
288,0.157222837,0,0,0.538833394,0.303946472,0.004476458,,,,,,,
289,0,0,0,0.788010799,0.211989911,0.004481869,,,,,,,
290,0.062275867,0.022363995,0,0.778324163,0.137036063,0.00444214,,,,,,,
291,0.08414512,0,0,0.792532723,0.12332231,0.004395671,,,,,,,
292,0,0.065459846,0,0.556668067,0.377872134,0.004244745,,,,,,,
293,0.038764421,0.049883392,0,0.685858594,0.2254936,0.004432619,,,,,,,
294,0.038074794,0,0,0.695868153,0.266057104,0.004370759,,,,,,,
295,0.03741035,0,0,0.584031231,0.378558438,0.004389258,,,,,,,
296,0.066353603,0,0,0.556955944,0.376690445,0.004433625,,,,,,,
297,0.081213207,0,0.080997125,0.599480418,0.238309293,0.004242403,,,,,,,
298,0.157508636,0,0.084363211,0.524428071,0.23370013,0.004193827,,,,,,,
299,0.035238426,0.102920162,0,0.561737863,0.300106271,0.004359295,,,,,,,
300,0.073515243,0,0,0.712615328,0.213872151,0.004478075,,,,,,,
301,0.030660429,0,0,0.832267859,0.137074412,0.004505977,,,,,,,
302,0.130521525,0,0,0.756913708,0.112564765,0.004421137,,,,,,,
303,0.053442091,0,0,0.609181143,0.337376806,0.004344033,,,,,,,
304,0.032576036,0,0,0.737831245,0.229592762,0.004451975,,,,,,,
305,0,0.003200551,0,0.856707417,0.140092079,0.004426388,,,,,,,
306,0.054483033,0,0.131856784,0.658938392,0.15472187,0.0042337,,,,,,,
307,0.109960902,0,0,0.804518382,0.08552075,0.004418264,,,,,,,
308,0.184720477,0.084663982,0,0.533824,0.196794244,0.004248492,,,,,,,
309,0.006352522,0.089496041,0,0.644373603,0.259777826,0.004364142,,,,,,,
310,0.091299978,0,0,0.661634187,0.247065895,0.004319004,,,,,,,
311,0.088092306,0,0,0.570086548,0.341821158,0.004492846,,,,,,,
312,0.096208175,0.04913762,0,0.807710342,0.046943924,0.004207616,,,,,,,
313,0.066692368,0.097648146,0,0.592298592,0.243360996,0.004349045,,,,,,,
314,0.002701807,0,0.039664594,0.907194018,0.050439688,0.004423986,,,,,,,
315,0.014425524,0,0,0.739463582,0.246110958,0.004334822,,,,,,,
316,0.091968499,0,0,0.600577535,0.307454357,0.004497205,,,,,,,
317,0.171266516,0.006657244,0,0.470830385,0.351248614,0.004202872,,,,,,,
318,0,0,0,0.710036462,0.289963585,0.004453968,,,,,,,
319,0.034690902,0,0,0.640626858,0.324682246,0.004381588,,,,,,,
320,0.037406239,0,0,0.561697977,0.400898278,0.004524412,,,,,,,
321,0.042715856,0,0,0.939496126,0.01778803,0.004474497,,,,,,,
322,0.053062296,0.0205512,0,0.597293424,0.329093124,0.004322433,,,,,,,
323,0,0,0,0.63015045,0.369849545,0.004503425,,,,,,,
324,0.156695666,0.031521009,0,0.676808398,0.134977647,0.004302658,,,,,,,
325,0,0,0.065886671,0.602052088,0.332061268,0.004338426,,,,,,,
326,0,0,0.080545148,0.666135729,0.253319513,0.00439199,,,,,,,
327,0.111657594,0.022523183,0,0.610630918,0.255188322,0.004513358,,,,,,,
328,0.007574395,0.028866987,0,0.709260446,0.254300886,0.004565432,,,,,,,
329,0.052645989,0,0,0.781126257,0.166230485,0.004475462,,,,,,,
330,0.078226306,0,0,0.757967573,0.163806213,0.004257211,,,,,,,
331,0.122505557,0,0.087834947,0.50029798,0.28936158,0.004319545,,,,,,,
332,0.123808431,0,0,0.876194229,0,0.004456963,,,,,,,
333,0.152613422,0,0,0.74581578,0.101573468,0.004357089,,,,,,,
334,0.132858486,0,0,0.70389285,0.163249536,0.004459236,,,,,,,
335,0,0,0,0.647481207,0.352518834,0.004453552,,,,,,,
336,0.146103076,0,0,0.414729376,0.439167622,0.004275168,,,,,,,
337,0.028574432,0.01057634,0,0.773093335,0.18775598,0.004371843,,,,,,,
338,0.019413023,0,0.007921865,0.685416745,0.287250726,0.004510768,,,,,,,
339,0.137785645,0,0.148408609,0.573840589,0.139965226,0.004246703,,,,,,,
340,0.194464352,0,0.023534825,0.782002023,0,0.004393938,,,,,,,
341,0.101263666,0,0,0.714509191,0.184229889,0.004532813,,,,,,,
342,0.073926301,0,0,0.92607375,0,0.004483577,,,,,,,
343,0.036463323,0,0,0.878618614,0.084920704,0.004474815,,,,,,,
344,0.006428244,0.025803455,0,0.850939837,0.116828491,0.004450529,,,,,,,
345,0.109335545,0.031457228,0.059149197,0.557549532,0.242508505,0.004368653,,,,,,,
346,0.063061666,0,0.024060487,0.6475227,0.265355233,0.004323813,,,,,,,
347,0,0.037476329,0.038221732,0.725232228,0.199072421,0.004500756,,,,,,,
348,0.072168131,0,0,0.772035284,0.155798596,0.004344606,,,,,,,
349,0.161099634,0,0,0.596116135,0.242784907,0.004387212,,,,,,,
350,0.062190678,0,0.088899786,0.62253151,0.22638075,0.004359991,,,,,,,
351,0,0.136949426,0,0.710214038,0.152836635,0.004503931,,,,,,,
352,0,0.103840602,0.047039308,0.715348984,0.133773852,0.004334942,,,,,,,
353,0,0,0.110248382,0.583186642,0.306564988,0.004380914,,,,,,,
354,0,0.163187048,0,0.746638418,0.090174625,0.00428277,,,,,,,
355,0,0,0,0.710333833,0.289666225,0.004360858,,,,,,,
356,0,0,0,0.882154997,0.117847709,0.004513041,,,,,,,
357,0.009737447,0,0.128655562,0.597072438,0.264537293,0.004233317,,,,,,,
358,0.044253034,0,0.102083465,0.8377622,0.015903965,0.004499756,,,,,,,
359,0.065047307,0.02736328,0.009670811,0.671101455,0.226817205,0.004320724,,,,,,,
360,0.175606999,0,0,0.662310275,0.162085329,0.004388547,,,,,,,
361,0,0,0,0.908305499,0.091694562,0.004535468,,,,,,,
362,0,0,0,0.697251798,0.302748235,0.00440535,,,,,,,
363,0.084722227,0.07071441,0,0.715929155,0.12863433,0.004362321,,,,,,,
364,0,0,0.06946734,0.7931234,0.137409305,0.004434728,,,,,,,
365,0.080057739,0,0,0.496527308,0.423414957,0.004255285,,,,,,,
366,0,0,0.059335252,0.668183223,0.272484253,0.004360382,,,,,,,
367,0.15289098,0,0,0.535073356,0.312035677,0.004373319,,,,,,,
368,0,0.088938611,0,0.577577729,0.33348368,0.00434171,,,,,,,
369,0.024884223,0,0.034106858,0.67914114,0.261867786,0.004311157,,,,,,,
370,0,0.068959047,0,0.486387804,0.444653194,0.00444391,,,,,,,
371,0.034805847,0,0,0.757267633,0.207926991,0.004479038,,,,,,,
372,0.085001771,0,0,0.71558901,0.19940931,0.004392263,,,,,,,
373,0,0,0.038676909,0.736109297,0.225216126,0.004446492,,,,,,,
374,0,0,0.151812246,0.58396262,0.264225195,0.004341189,,,,,,,
375,0.145708241,0,0,0.854294278,0,0.004561344,,,,,,,
376,0.183880584,0,0,0.628244396,0.187875059,0.004384747,,,,,,,
377,0.110541141,0,0.160284477,0.619911156,0.10926326,0.004188584,,,,,,,
378,0.046512773,0,0.003929551,0.572809868,0.376747805,0.004414805,,,,,,,
379,0.128726938,0.00843618,0,0.581311544,0.281525374,0.004340778,,,,,,,
380,0.134092604,0,0,0.825384739,0.040522743,0.00442652,,,,,,,
381,0.079463513,0,0,0.679642797,0.240896414,0.004474973,,,,,,,
382,0.045240058,0.055243659,0,0.53482038,0.364695937,0.00425146,,,,,,,
383,0.010299352,0.131102189,0,0.576714521,0.281885396,0.004406164,,,,,,,
384,0,0,0,0.809982491,0.190017546,0.004543751,,,,,,,
385,0.018882416,0.062523381,0,0.522269634,0.396327301,0.004385814,,,,,,,
386,0.198657443,0,0,0.754843887,0.046498716,0.004415535,,,,,,,
387,0.080815509,0,0.017751574,0.802153482,0.099279425,0.004378019,,,,,,,
388,0,0,0,0.722389457,0.277610539,0.004572867,,,,,,,
389,0.047734287,0.083338305,0,0.688766053,0.180161392,0.004387361,,,,,,,
390,0.047620051,0.045774426,0,0.739536356,0.167069235,0.004410403,,,,,,,
391,0.070180798,0,0,0.734771511,0.195047766,0.004273447,,,,,,,
392,0.052144852,0,0,0.842980084,0.10487516,0.004457848,,,,,,,
393,0,0.127246531,0,0.576459316,0.296294151,0.004461834,,,,,,,
394,0.242387773,3.88E-05,0,0.609219698,0.148356451,0.004351618,,,,,,,
395,0,0,0,0.69738988,0.302611115,0.004384389,,,,,,,
396,0,0,0.176714353,0.637915561,0.185370146,0.004329897,,,,,,,
397,0.00760231,0.18855695,0,0.638318782,0.165521967,0.004383055,,,,,,,
398,0.085209025,0,0,0.871197233,0.043593849,0.004364233,,,,,,,
399,0.060947536,0,0,0.624975106,0.314080048,0.004392114,,,,,,,
400,0.025015815,0,0,0.551548124,0.423436049,0.004381547,,,,,,,
401,0.040027109,0,0.140670474,0.666209324,0.153095838,0.004315699,,,,,,,
402,0.007120398,0,0,0.656663278,0.336216355,0.004428381,,,,,,,
403,0.092348289,0,0.095542567,0.812110058,0,0.004502337,,,,,,,
404,0.04967603,0.018146949,0,0.932177105,0,0.004457179,,,,,,,
405,0.161925173,0,0,0.838076129,0,0.004432156,,,,,,,
406,0.174917523,0,0,0.658450718,0.166631817,0.004266991,,,,,,,
407,0,0.111397479,0.029235101,0.540217646,0.319149803,0.00430329,,,,,,,
408,0,0.101520074,0,0.575247864,0.32323208,0.004310535,,,,,,,
409,0.046259254,0,0,0.686503984,0.267236773,0.004347845,,,,,,,
410,0.055406221,0.054736615,0,0.548831269,0.341025937,0.00428712,,,,,,,
411,0.079846369,0,0,0.644904917,0.275248887,0.004395667,,,,,,,
412,0.165024969,0,0,0.801303055,0.033672055,0.00442691,,,,,,,
413,0.003611548,0.045485132,0.081763843,0.647826244,0.221315971,0.004323333,,,,,,,
414,0.011215484,0.01770214,0,0.655873922,0.315208511,0.004368126,,,,,,,
415,0.174836486,0,0.022267983,0.532706804,0.270188774,0.004398228,,,,,,,
416,0.135459965,0,0,0.864542419,0,0.004575044,,,,,,,
417,0,0,0,0.839329516,0.16067093,0.004363814,,,,,,,
418,0.075404925,0,0,0.612455003,0.312140049,0.004378304,,,,,,,
419,0.07104458,0.050606472,0,0.757267591,0.121081413,0.004493643,,,,,,,
420,0,0,0.091652236,0.540832486,0.367515308,0.004366149,,,,,,,
421,0.10777205,0,0,0.576412018,0.31581592,0.004271739,,,,,,,
422,0.064239798,0,0.045716674,0.625267087,0.264776606,0.004467513,,,,,,,
423,0,0.032908409,0,0.570618746,0.396472839,0.004396479,,,,,,,
424,0.038400616,0.087553623,0,0.652055192,0.22199329,0.004365684,,,,,,,
425,0.123134346,0,0.165828511,0.522063269,0.18897387,0.004337599,,,,,,,
426,0,0,0,0.677836356,0.322163695,0.004474183,,,,,,,
427,0.042511757,0.082683018,0,0.669104718,0.205700563,0.004226352,,,,,,,
428,0,0,0.015620794,0.635039225,0.349342694,0.004295385,,,,,,,
429,0.06700089,0.152439977,0,0.440234858,0.340324278,0.004340894,,,,,,,
430,0,0.063879168,0,0.626824783,0.309298798,0.004464778,,,,,,,
431,0,0,0.021923024,0.639309303,0.338767689,0.00434602,,,,,,,
432,0,0,0.057077158,0.830652117,0.112270776,0.004449449,,,,,,,
433,0.1020812,0.071558488,0,0.716166779,0.110196265,0.004363072,,,,,,,
434,0.104888001,0.055586733,0,0.528614103,0.31091386,0.004189562,,,,,,,
435,0,0.129983734,0,0.556148946,0.313867349,0.004300367,,,,,,,
436,0.152354388,0,0,0.639808616,0.207837036,0.004316655,,,,,,,
437,0.006919809,0,0.0656449,0.794702242,0.13273314,0.004306771,,,,,,,
438,0.00092783,0.070640396,0,0.608709783,0.319721963,0.004419728,,,,,,,
439,0.057993948,0.145857187,0.007360779,0.420036148,0.368754693,0.004258247,,,,,,,
440,0.018581517,0.116730097,0,0.662152041,0.202536412,0.004287357,,,,,,,
441,0.039899787,0,0.109578947,0.620886231,0.2296351,0.004266978,,,,,,,
442,0.107480665,0.011476885,0,0.665462331,0.215582864,0.004203556,,,,,,,
443,0.151680763,0,0.051683301,0.723453448,0.073182541,0.004261598,,,,,,,
444,0.012747356,0,0.017584829,0.785636806,0.184031234,0.004501251,,,,,,,
445,0.132367984,0,0,0.534368836,0.333263202,0.004391973,,,,,,,
446,0.18225621,0,0,0.668355896,0.149390586,0.004455497,,,,,,,
447,0.200768364,0.060775631,0,0.531232701,0.207225502,0.004361088,,,,,,,
448,0.017489296,0,0,0.732837034,0.249673721,0.004553779,,,,,,,
449,0,0.018051057,0,0.463347179,0.518601767,0.004425476,,,,,,,
450,0.007667316,0,0.095653202,0.687296921,0.209385305,0.004340521,,,,,,,
451,0.122683449,0.131341397,0,0.633142937,0.112832284,0.004217018,,,,,,,
452,0.137044152,0,0,0.592376923,0.270578945,0.004432776,,,,,,,
453,0,0,0.122553596,0.560079201,0.31736725,0.004221998,,,,,,,
454,0.092084709,0,0,0.679003418,0.228911905,0.004365511,,,,,,,
455,0,0,0,0.760767512,0.239232538,0.004453749,,,,,,,
456,0.190151381,0,0.174212969,0.518272847,0.117362834,0.004225424,,,,,,,
457,0,0,0,0.859533344,0.14046672,0.004410291,,,,,,,
458,0.083446632,0,0,0.601568905,0.314987202,0.004322855,,,,,,,
459,0.060287152,0,0.137383489,0.365608512,0.43672182,0.004140019,,,,,,,
460,0.028197271,0,0,0.759622155,0.212180605,0.004563522,,,,,,,
461,0.030569727,0,0,0.661527927,0.307902356,0.004356502,,,,,,,
462,0.008399859,0.159862127,0,0.639954741,0.191783329,0.004236766,,,,,,,
463,0.024933228,0,0.019803631,0.748338938,0.206924284,0.004331751,,,,,,,
464,0.030711365,0.028133672,0.049412052,0.594783073,0.296959903,0.004305047,,,,,,,
465,0,0.122577468,0,0.758244839,0.11918037,0.004460908,,,,,,,
466,0.155550951,0,0,0.628685929,0.215763153,0.004336644,,,,,,,
467,0,0,0.107327853,0.630132953,0.262539275,0.004374577,,,,,,,
468,0.0800707,0,0.092917392,0.603566095,0.223448509,0.004192559,,,,,,,
469,0.000280243,0,0.154668422,0.429917702,0.415136413,0.004275925,,,,,,,
470,0.105188177,0.048660751,0,0.654205412,0.191945719,0.004349975,,,,,,,
471,0,0,0.056834443,0.673990621,0.269174971,0.0043241,,,,,,,
472,0.091848726,0.193133534,0,0.436663031,0.278354694,0.004269562,,,,,,,
473,0.052399285,0,0,0.673195381,0.274405348,0.00435136,,,,,,,
474,0,0,0.040788474,0.759453467,0.199758171,0.004569616,,,,,,,
475,0.043399483,0.182214394,0,0.542058412,0.232330482,0.004293084,,,,,,,
476,0.040820317,0.070708632,0,0.78989684,0.098574225,0.004352295,,,,,,,
477,0.069740671,0.008134091,0.094983515,0.787591568,0.039552921,0.004346658,,,,,,,
478,0,0.160106158,0.032301105,0.415801245,0.391791479,0.004256859,,,,,,,
479,0.056251695,0,0,0.658451726,0.285296625,0.004411418,,,,,,,
480,0,0.160576516,0.065609622,0.427228378,0.346585495,0.004277312,,,,,,,
481,0,0,0.013312203,0.599392845,0.387294968,0.004522832,,,,,,,
482,0.222853947,0,0.120580118,0.606256223,0.050312463,0.004194925,,,,,,,
483,0.155737001,0.189834694,0,0.654429851,0,0.004201416,,,,,,,
484,0.053660353,0,0,0.936533032,0.009806659,0.004512564,,,,,,,
485,0.071918223,0,0,0.79619288,0.131890652,0.004450349,,,,,,,
486,0.005400906,0,0,0.872746095,0.121855628,0.004456518,,,,,,,
487,0.086164011,0.065991037,0,0.713986048,0.133858951,0.004410003,,,,,,,
488,0,0.056788575,0.088066062,0.538244791,0.316900603,0.004320161,,,,,,,
489,0.057197054,0,0,0.699333031,0.243470086,0.00441873,,,,,,,
490,0,0.009560892,0,0.668890482,0.321551334,0.00454926,,,,,,,
491,0,0.114964525,0.08575971,0.472953316,0.326322476,0.004159473,,,,,,,
492,0,0,0.161173216,0.530886917,0.307942603,0.004207964,,,,,,,
493,0.050972061,0,0,0.751571084,0.197456938,0.004462182,,,,,,,
494,0.164614354,0.035625276,0,0.708652892,0.09110754,0.004293924,,,,,,,
495,0.027817079,0,0.181320034,0.579528061,0.211335992,0.004252448,,,,,,,
496,0.01846072,0,0,0.815205547,0.166336459,0.004401995,,,,,,,
497,0,0,0.16845138,0.383617927,0.447933406,0.004349632,,,,,,,
498,0,0,0,0.821651291,0.178348767,0.004413295,,,,,,,
499,0.113758882,0.096130779,0.055785445,0.53765056,0.19667433,0.004321107,,,,,,,
500,0,0.065653439,0,0.627277019,0.30706956,0.004323414,,,,,,,
501,0.009299289,0,0.095382249,0.777644975,0.117676195,0.004434556,,,,,,,
502,0,0.010742106,0.09234064,0.574388814,0.322528455,0.004240013,,,,,,,
503,0.206726486,0.072861886,0,0.496042961,0.224368685,0.004231896,,,,,,,
504,0.136361727,0,0,0.717418469,0.146220112,0.004409164,,,,,,,
505,0,0,0,0.699073065,0.300926966,0.004547148,,,,,,,
506,0,0,0,0.733781446,0.266218601,0.004229221,,,,,,,
507,0,0,0,0.703145445,0.296854608,0.004473018,,,,,,,
508,0.086119282,0.100379539,0,0.660451979,0.153051871,0.004286526,,,,,,,
509,0,0,0,0.711259443,0.288740592,0.004562664,,,,,,,
510,0,0.021536615,0,0.68926959,0.289193845,0.004248722,,,,,,,
511,0.058534838,0,0,0.70873574,0.232729506,0.004456497,,,,,,,
512,0,0.077500812,0,0.612365925,0.310135559,0.004306848,,,,,,,
513,0.035639148,0,0,0.801111258,0.163249606,0.004471115,,,,,,,
514,0.069071953,0,0,0.718983447,0.211944629,0.004507367,,,,,,,
515,0.14714804,0,0.012412184,0.633855107,0.206587233,0.004267367,,,,,,,
516,0.117064647,0.048360753,0.033892857,0.623998387,0.176683497,0.004238273,,,,,,,
517,0,0.074360636,0.026966665,0.390685573,0.507987153,0.004264657,,,,,,,
518,0.043206135,0,0,0.838971525,0.117822395,0.004334317,,,,,,,
519,3.56E-07,0,0.162947766,0.627621565,0.20943054,0.004471599,,,,,,,
520,0.083095745,0,0,0.679141939,0.237762341,0.00446122,,,,,,,
521,0.058104564,0,0,0.735775862,0.206119613,0.004558239,,,,,,,
522,0.125045083,0,0.020475648,0.71838064,0.136101318,0.004340345,,,,,,,
523,0.002569093,0,0.035758094,0.709623038,0.252049832,0.004366912,,,,,,,
524,0,0,0.14335634,0.604907856,0.251738521,0.004431628,,,,,,,
525,0.07345884,0,0.162172025,0.618688111,0.145681068,0.004259268,,,,,,,
526,0.097980864,0,0,0.483842465,0.418176736,0.004348998,,,,,,,
527,0.054184026,0,0,0.876312845,0.069503141,0.004435363,,,,,,,
528,0.051876447,0.150158807,0.036855255,0.603959994,0.157149556,0.004302026,,,,,,,
529,0.074630843,0.151811573,0,0.713559127,0.059998501,0.004311232,,,,,,,
530,0.21594269,0.046612015,0,0.68746356,0.049982764,0.004254011,,,,,,,
531,0.103807728,0.157633869,0,0.738559908,0,0.004327203,,,,,,,
532,0,0,0,0.873319909,0.126680127,0.004624248,,,,,,,
533,0.210788117,0,0.012707618,0.601823879,0.174680435,0.004196387,,,,,,,
534,0.185105675,0.058062133,0.172269711,0.466971206,0.117591285,0.004230747,,,,,,,
535,0.194772538,0.030245896,0.003492338,0.771490842,0,0.004275865,,,,,,,
536,0.091805895,0.023443162,0,0.727310333,0.157440653,0.004340021,,,,,,,
537,0.073013808,0,0,0.685522675,0.241463547,0.004436526,,,,,,,
538,0.20010372,0,0,0.713375522,0.086523485,0.004342935,,,,,,,
539,0.033388542,0.049115315,0,0.696727495,0.220768659,0.004398027,,,,,,,
540,0,0.041168069,0.037234611,0.643886185,0.277711143,0.004286146,,,,,,,
541,0.100057214,0.010177663,0,0.669940242,0.21982498,0.004239188,,,,,,,
542,0.007029829,0,0,0.877538246,0.115433187,0.004507069,,,,,,,
543,0.187901199,0.005471824,0,0.472459728,0.334167264,0.004345249,,,,,,,
544,0.143462784,0,0,0.526685607,0.329854213,0.004387345,,,,,,,
545,0,0,0,0.751596127,0.248403938,0.004330909,,,,,,,
546,0.166295432,0.093060016,0,0.732359468,0.008287785,0.004422143,,,,,,,
547,0.26553756,0,0,0.734462567,0,0.004326241,,,,,,,
548,0.076238044,0,0,0.668302871,0.255459185,0.004362877,,,,,,,
549,0.04498781,0,0.199888881,0.551249737,0.20387362,0.004305785,,,,,,,
550,0.035254768,0,0.096729779,0.632411408,0.235604121,0.004275046,,,,,,,
551,0,0.146377326,0,0.610052708,0.243569958,0.004342345,,,,,,,
552,0.131731898,0.067485724,0.000763559,0.605723841,0.194294989,0.00444655,,,,,,,
553,0,0,0,0.751186296,0.248815274,0.004426339,,,,,,,
554,0.122740779,0,0,0.742835408,0.1344265,0.004425261,,,,,,,
555,0.045379163,0.020285178,0,0.653685504,0.28065023,0.004419652,,,,,,,
556,0.02242929,0.057474433,0,0.834868989,0.08523003,0.004496762,,,,,,,
557,0.118291649,0,0,0.676392894,0.205315504,0.004469526,,,,,,,
558,0.028244323,0,0,0.697654986,0.274103395,0.004424157,,,,,,,
559,0.123888703,0.027835857,0,0.726314568,0.121960884,0.004412129,,,,,,,
560,0,0,0.013148461,0.627074155,0.359777455,0.004478909,,,,,,,
561,0,0.093393343,0,0.703826909,0.202779784,0.004251808,,,,,,,
562,0.266480188,0,0,0.58703177,0.146488624,0.004466942,,,,,,,
563,0.202271319,0.000710997,0,0.683064812,0.113955599,0.004347395,,,,,,,
564,0.032900834,0,0.028252541,0.773366457,0.165482828,0.004335812,,,,,,,
565,0.034779521,0.150228502,0,0.366550948,0.448443655,0.004328256,,,,,,,
566,0.109040638,0,0,0.741150208,0.149809228,0.00447374,,,,,,,
567,0.049738194,0,0,0.682086009,0.268175848,0.00447588,,,,,,,
568,0,0,0,0.782023259,0.21797679,0.004489306,,,,,,,
569,0,0,0,0.776019432,0.22398055,0.00446187,,,,,,,
570,0.027913048,0,0.08003998,0.752934869,0.13911482,0.004390138,,,,,,,
571,0.214744623,0,0,0.723205004,0.062053053,0.004464289,,,,,,,
572,0,0.149920635,0.018457509,0.766567388,0.065054716,0.004319614,,,,,,,
573,0,0,0,0.653520036,0.346479985,0.004442288,,,,,,,
574,0.181642167,0,0,0.66612081,0.152239769,0.004354111,,,,,,,
575,0.112160021,0,0,0.699406913,0.188435612,0.004287318,,,,,,,
576,0.175541424,0,0,0.557409668,0.267051591,0.004414788,,,,,,,
577,0.142367991,0,0,0.693290457,0.164344202,0.00443356,,,,,,,
578,0.025859711,0,0,0.758967132,0.215173245,0.004430077,,,,,,,
579,0,0,0,0.842003696,0.157997516,0.004541676,,,,,,,
580,0.018376007,0,0,0.741962708,0.239661319,0.004399201,,,,,,,
581,0,0.080779711,0,0.611642773,0.307579703,0.004305302,,,,,,,
582,0.158005917,0,0.050240759,0.563294024,0.228459355,0.00438889,,,,,,,
583,0,0,0,0.655390402,0.344609622,0.004442218,,,,,,,
584,0.12562336,0,0,0.849095319,0.025281406,0.004424047,,,,,,,
585,0,0,0.095464462,0.619989957,0.284548301,0.004470723,,,,,,,
586,0,0,0,0.668133579,0.331866469,0.00452202,,,,,,,
587,0,0,0,0.552759989,0.447239998,0.004441709,,,,,,,
588,0.054651746,0.121170269,0,0.570249838,0.253928171,0.004439757,,,,,,,
589,0.103187089,0,0.105272916,0.545938968,0.245603698,0.004505373,,,,,,,
590,0,0.208816757,0,0.435874059,0.355311676,0.004450842,,,,,,,
591,0.153355962,0.133886509,0,0.538136921,0.174620599,0.004241454,,,,,,,
592,0.031623545,0,0.218255035,0.526816195,0.223305251,0.004180131,,,,,,,
593,0.160958127,0,0,0.624840943,0.214200961,0.004258213,,,,,,,
594,0.178416011,0,0,0.821585545,0,0.004425319,,,,,,,
595,0.159334785,0,0,0.737034568,0.103630701,0.004455399,,,,,,,
596,0.016993232,0,0.013291758,0.595334547,0.374380443,0.004276054,,,,,,,
597,0,0,0,0.648846252,0.351153787,0.004461582,,,,,,,
598,0,0,0,0.757306015,0.242694019,0.00445662,,,,,,,
599,0.011840967,0,0,0.831123929,0.157037807,0.004366214,,,,,,,
600,0.041389728,0,0,0.691975551,0.266637431,0.004398124,,,,,,,
601,0,0,0,0.69399074,0.306009286,0.004414562,,,,,,,
602,0,0.122926013,0,0.542380166,0.334693856,0.004219055,,,,,,,
603,0.00706998,0.052257776,0,0.693212314,0.247459944,0.004309446,,,,,,,
604,0,0,0,0.774147508,0.22585249,0.004498274,,,,,,,
605,0,0,0.035182265,0.713689958,0.251130383,0.004367039,,,,,,,
606,0,0.076213545,0,0.612925829,0.310860686,0.004289666,,,,,,,
607,0,0,0.156106393,0.712235157,0.131658566,0.004365919,,,,,,,
608,0.068614264,0,0,0.672908423,0.258477357,0.004481396,,,,,,,
609,0.119485088,0,0,0.800958867,0.079558778,0.004499922,,,,,,,
610,0.011260545,0.126526135,0,0.650782979,0.21143038,0.004401528,,,,,,,
611,0.004531059,0.168163479,0.021262994,0.589400912,0.2166441,0.004318694,,,,,,,
612,0,0,0,0.908452765,0.09154724,0.0044765,,,,,,,
613,0,0,0,0.670292841,0.329707202,0.004404958,,,,,,,
614,0.05216858,0,0,0.609202774,0.338628667,0.004390489,,,,,,,
615,0.013935379,0,0,0.576414724,0.409651615,0.004525288,,,,,,,
616,0.235594738,0.062246042,0.052422752,0.633387378,0.016349181,0.004120417,,,,,,,
617,0.127111672,0.155328196,0,0.550279689,0.167283173,0.004369066,,,,,,,
618,0.170902218,0,0,0.587491366,0.241606502,0.004300256,,,,,,,
619,0.009285383,0,0,0.617710536,0.373004073,0.004369735,,,,,,,
620,0,0,0,0.671100556,0.328899479,0.004383758,,,,,,,
621,0.029198483,0,0,0.765697676,0.205103921,0.00453064,,,,,,,
622,0.161802097,0,0,0.66139198,0.176808622,0.004356358,,,,,,,
623,0,0,0.048413647,0.951586383,0,0.004511112,,,,,,,
624,0.030840544,0,0.088747737,0.670176496,0.210235298,0.00438383,,,,,,,
625,0.02589771,0.072805088,0,0.63630429,0.264995026,0.004512723,,,,,,,
626,0.009751174,0,0.149298076,0.681095691,0.159855131,0.004422033,,,,,,,
627,0.082185715,0,0.060372071,0.685575124,0.171867063,0.00436068,,,,,,,
628,0.155834771,0.02243294,0,0.723684113,0.098048141,0.004457909,,,,,,,
629,0.232859162,0,0,0.767140998,0,0.004341291,,,,,,,
630,0,0,0,0.869369432,0.130630633,0.004548378,,,,,,,
631,0,0.076730844,0,0.773554714,0.149715834,0.004484578,,,,,,,
632,0.317316818,0,0,0.622873,0.059810214,0.004459438,,,,,,,
633,0,0,0,0.869679826,0.130320244,0.004485706,,,,,,,
634,0,0,0,0.934378709,0.065621311,0.004434005,,,,,,,
635,0,0.141075808,0,0.551419865,0.307504426,0.004236038,,,,,,,
636,0,0.215658932,0.024400693,0.449335679,0.310604697,0.00422531,,,,,,,
637,0.128750504,0,0,0.682049309,0.189202862,0.004328272,,,,,,,
638,0.064357663,0,0,0.783774241,0.151870811,0.00442704,,,,,,,
639,0.038589992,0,0,0.617483042,0.343927003,0.004412163,,,,,,,
640,0.049906304,0.049900608,0,0.635834339,0.264358757,0.004459423,,,,,,,
641,0.093814321,0,0,0.841938596,0.064247156,0.00445948,,,,,,,
642,0,0.011079036,0,0.428451559,0.560472149,0.004338669,,,,,,,
643,0.096204997,0,0.033573956,0.753644212,0.116576904,0.004476701,,,,,,,
644,0.023905668,0,0,0.889333204,0.086761154,0.00445234,,,,,,,
645,0.056714046,0,0,0.75702533,0.18626069,0.004503216,,,,,,,
646,0.021659396,0,0.14003239,0.513051296,0.325259685,0.004317559,,,,,,,
647,0.071647737,0,0,0.542878876,0.385473383,0.004330001,,,,,,,
648,0.204345601,0,0,0.612256881,0.183397512,0.004367558,,,,,,,
649,0.128714858,0.049428603,0.045643176,0.536145158,0.240068221,0.004294941,,,,,,,
650,0,0.135647921,0,0.537514069,0.326838041,0.004291449,,,,,,,
651,0.109665205,0,0,0.677687688,0.212647137,0.004428457,,,,,,,
652,0.024654229,0,0,0.695098342,0.280247466,0.00438815,,,,,,,
653,0.007626724,0.049850857,0,0.7183836,0.224138867,0.004427756,,,,,,,
654,0.112999238,0,0,0.679734244,0.207266559,0.004277614,,,,,,,
655,0.029317448,0,0,0.817363763,0.153318799,0.004498588,,,,,,,
656,0,0.019896832,0,0.869049317,0.11105659,0.004437946,,,,,,,
657,0.056950243,0,0,0.689626505,0.253423279,0.004328487,,,,,,,
658,0.016726319,0,0.129244789,0.73618343,0.117845487,0.004335159,,,,,,,
659,0.074218738,0,0.040632785,0.71118069,0.173967855,0.004399112,,,,,,,
660,0,0,0.022061926,0.751440077,0.22649801,0.004396423,,,,,,,
661,0,0,0.143190648,0.792365876,0.06444356,0.004284451,,,,,,,
662,0.048653162,0,0.005385978,0.616788804,0.329172085,0.004287736,,,,,,,
663,0.111680559,0,0,0.642180511,0.246138981,0.004433589,,,,,,,
664,0,0,0,0.853530677,0.146470335,0.00452565,,,,,,,
665,0,0,0,0.832942344,0.167057704,0.004476512,,,,,,,
666,0.157475646,0,0.089552537,0.749223741,0.003748225,0.004234362,,,,,,,
667,0.194919523,0,0.111454878,0.587565526,0.106060082,0.004188714,,,,,,,
668,0,0,0,0.912764481,0.087235713,0.004507152,,,,,,,
669,0.029937955,0,0.195944553,0.516400475,0.257717031,0.0043396,,,,,,,
670,0.054214129,0,0,0.80222545,0.143560477,0.004509339,,,,,,,
671,0,0,0.047538275,0.797736549,0.154725337,0.004446938,,,,,,,
672,0.015904158,0.015835924,0,0.729581482,0.238678493,0.00415971,,,,,,,
673,0.198019651,0.086370455,0,0.515893686,0.19971619,0.00420413,,,,,,,
674,0.068976523,0.142720208,0,0.463780591,0.324522707,0.004293975,,,,,,,
675,0,0,0.130918228,0.516226814,0.352854991,0.00438902,,,,,,,
676,0.060561859,0,0.038143899,0.524205704,0.377088524,0.004441834,,,,,,,
677,0.196747283,0.082697089,0,0.720557759,0,0.004385839,,,,,,,
678,0.10962967,0,0,0.54970465,0.340665701,0.004369487,,,,,,,
679,0.053867092,0.045655433,0.046444389,0.669960829,0.184072282,0.004206541,,,,,,,
680,0.059379486,0,0.14526275,0.588022591,0.20733524,0.004230351,,,,,,,
681,0.101314668,0,0,0.732150331,0.166535046,0.004345333,,,,,,,
682,0.065242771,0,0,0.592781683,0.341978273,0.00444642,,,,,,,
683,0,0,0,0.678297508,0.321702554,0.004556216,,,,,,,
684,0.029614693,0,0.032915154,0.789381084,0.148089158,0.004466041,,,,,,,
685,0,0,0.126408366,0.638255286,0.235336391,0.004347663,,,,,,,
686,0.091359949,0,0,0.709930146,0.198709958,0.004337516,,,,,,,
687,0.010778436,0,0.072569689,0.707863497,0.208788418,0.004291495,,,,,,,
688,0,0.018564149,0,0.604914576,0.376521298,0.004484556,,,,,,,
689,0,0.148194493,0.035203576,0.554964709,0.261637289,0.004322846,,,,,,,
690,0,0.097601355,0,0.902398675,0,0.004407201,,,,,,,
691,0.212242404,0,0,0.555745948,0.232011667,0.004374894,,,,,,,
692,0.135510539,0,0,0.674632639,0.189859532,0.004446264,,,,,,,
693,0,0,0.103777315,0.766167719,0.130055008,0.004347147,,,,,,,
694,0.075091221,0,0.082196026,0.659294807,0.183417991,0.004421032,,,,,,,
695,0.066671836,0.00050294,0.066945317,0.435444617,0.430435337,0.004005039,,,,,,,
696,0,0.102198982,0,0.746804048,0.150997068,0.004394658,,,,,,,
697,0,0.229247941,0,0.406910038,0.363844666,0.004406751,,,,,,,
698,0.022926145,0.191639669,0,0.576717864,0.208719075,0.00419573,,,,,,,
699,0.024540174,0,0.090127947,0.582181575,0.303150341,0.004334552,,,,,,,
700,0.008772945,0,0.015296538,0.57392102,0.402009522,0.004389973,,,,,,,
701,0.181913206,0,0,0.590604583,0.227484946,0.004461451,,,,,,,
702,0,0.047699121,0.129625411,0.676058416,0.146617093,0.004246918,,,,,,,
703,0,0,0.009693348,0.645938695,0.344367956,0.004443029,,,,,,,
704,0,0,0.14775061,0.487406908,0.3648425,0.004389197,,,,,,,
705,0.054024451,0,0.001498949,0.575995823,0.368483146,0.004416049,,,,,,,
706,0,0,0,0.554673994,0.445327179,0.004472996,,,,,,,
707,0,0,0,0.702738893,0.297261132,0.00447257,,,,,,,
708,0,0,0.20663194,0.532851292,0.260516798,0.004294349,,,,,,,
709,0,0,0,0.83146134,0.168538836,0.004618009,,,,,,,
710,0.111406871,0,0.136916298,0.561072702,0.190604169,0.00427397,,,,,,,
711,0.006048598,0,0.08917457,0.633434339,0.27134256,0.004217574,,,,,,,
712,0.225395725,0,0.026878998,0.747725606,0,0.004377046,,,,,,,
713,0,0,0.115747078,0.620529072,0.263723881,0.004377482,,,,,,,
714,0.056346415,0.063488068,0,0.830598969,0.049569288,0.004332869,,,,,,,
715,0,0.107240398,0,0.663096482,0.229663172,0.00432688,,,,,,,
716,0.109953943,0,0.144463455,0.518423114,0.227159527,0.004252608,,,,,,,
717,0.067598177,0.152163653,0,0.66308426,0.117156623,0.00433582,,,,,,,
718,0.022281446,0,0,0.723581073,0.254137497,0.004339001,,,,,,,
719,0,0.053563535,0,0.825094495,0.121342006,0.00452935,,,,,,,
720,0,0,0.165763725,0.409765094,0.424473729,0.004274448,,,,,,,
721,0.018959176,0.099939302,0,0.827629655,0.053471901,0.004467039,,,,,,,
722,0.010217664,0,0,0.849255411,0.140528616,0.00455434,,,,,,,
723,0.06082542,0,0,0.628094493,0.311080061,0.004398433,,,,,,,
724,0,0,0.006996312,0.972120308,0.020883427,0.004399004,,,,,,,
725,0.102794696,0,0.00516145,0.651652923,0.240390956,0.004313316,,,,,,,
726,0.166344714,0,0,0.721826607,0.111829352,0.004450869,,,,,,,
727,0.149671907,0,0,0.666915968,0.183412154,0.004356278,,,,,,,
728,0.03828575,0,0,0.692813923,0.268900422,0.004415135,,,,,,,
729,0.003623172,0.112660813,0,0.512319206,0.371396972,0.00435644,,,,,,,
730,0.115317853,0,0,0.732738477,0.151943729,0.004246904,,,,,,,
731,0,0,0,0.692085528,0.307914507,0.004340509,,,,,,,
732,0,0.065629864,0,0.668000012,0.266370158,0.004372011,,,,,,,
733,0.052700258,0,0.06310157,0.641620617,0.242577594,0.004322902,,,,,,,
734,0,0.034447227,0.136385999,0.637359582,0.191807198,0.004444718,,,,,,,
735,0.163691723,0.012798827,0,0.633897651,0.189611863,0.004426375,,,,,,,
736,0.11212103,0,0.041688826,0.590484579,0.255705624,0.004251338,,,,,,,
737,0.107561319,0,0.009082146,0.641531543,0.241825069,0.004366249,,,,,,,
738,0.105281301,0,0,0.530805969,0.363912752,0.004434599,,,,,,,
739,0,0.159120844,0,0.750621353,0.09025788,0.004334356,,,,,,,
740,0.169286742,0,0,0.830715566,0,0.004434656,,,,,,,
741,0.186150306,0,0,0.702612428,0.111238608,0.004503873,,,,,,,
742,0.359578286,0.004391181,0,0.636030594,0,0.004186719,,,,,,,
743,0,0,0,0.655021632,0.344978364,0.004421418,,,,,,,
744,0,0,0.113409044,0.767909309,0.118681726,0.004452784,,,,,,,
745,0.250985011,0,0,0.749017634,0,0.004344564,,,,,,,
746,0.041450371,0,0,0.805122303,0.153429872,0.004525784,,,,,,,
747,0.077576682,0.037713669,0,0.677116567,0.207593098,0.00437745,,,,,,,
748,0,0.123851939,0,0.449084513,0.427063685,0.00430356,,,,,,,
749,0.030394163,0,0.180770346,0.788835499,0,0.004464627,,,,,,,
750,0.137465195,0,0.042405105,0.748799828,0.071332563,0.004338796,,,,,,,
751,0,0,0,0.955633055,0.044366985,0.004636804,,,,,,,
752,0.045656981,0,0.049528571,0.725524979,0.17928949,0.004322654,,,,,,,
753,0.109487935,0,0.041972283,0.704983086,0.143556761,0.004405062,,,,,,,
754,0.075099097,0.010898737,0,0.727690795,0.186314136,0.004179596,,,,,,,
755,0,0,0.050439542,0.73578716,0.213773358,0.004417215,,,,,,,
756,0,0.064857521,0,0.418116649,0.517025884,0.004359273,,,,,,,
757,0.119001639,0,0,0.77123304,0.109765347,0.00442773,,,,,,,
758,0.08398859,0,0,0.675527939,0.240483701,0.004422179,,,,,,,
759,0,0.005811401,0.056184338,0.478550419,0.459456588,0.004293538,,,,,,,
760,0,0,0.122062166,0.525038705,0.352899123,0.004262295,,,,,,,
761,0.081154836,0,0,0.854955477,0.063892405,0.004561086,,,,,,,
762,0.045387821,0,0.125420308,0.434552117,0.394641439,0.00434489,,,,,,,
763,0.064508336,0,0.084282337,0.720344455,0.130864947,0.004469016,,,,,,,
764,0.125606742,0.02513653,0.041193175,0.622030464,0.186035811,0.004377898,,,,,,,
765,0,0,0.104404551,0.65179125,0.243804262,0.004464296,,,,,,,
766,0.139743141,0.060774504,0.065864422,0.73361801,0,0.004295143,,,,,,,
767,0.120901774,0,0,0.502178959,0.376919353,0.004307863,,,,,,,
768,0.045256095,0,0,0.74783199,0.206911959,0.004508572,,,,,,,
769,0.173216566,0,0,0.730339323,0.096444421,0.004389424,,,,,,,
770,0.094854562,0,0,0.762789752,0.142355713,0.004448638,,,,,,,
771,0,0.00019898,0,0.694723441,0.305077536,0.004522763,,,,,,,
772,0.027137897,0,0,0.658586895,0.314275213,0.004430093,,,,,,,
773,0.197695701,0,0,0.699149706,0.103156281,0.004470207,,,,,,,
774,0.111038735,0,0,0.59671932,0.292241974,0.004386604,,,,,,,
775,0.0975761,0,0,0.575621857,0.326802065,0.004261323,,,,,,,
776,0.078025073,0,0.1136017,0.519552324,0.288820972,0.004360315,,,,,,,
777,0,0.046697572,0,0.694957275,0.25834526,0.004281346,,,,,,,
778,0.06182811,0,0.103073417,0.507586572,0.327511887,0.004352149,,,,,,,
779,0.196972573,0,0,0.803027496,0,0.004437307,,,,,,,
780,0.036463243,0,0,0.756348613,0.207188155,0.004488997,,,,,,,
781,0.092548898,0.163989889,0.114503162,0.351271119,0.277689643,0.004052597,,,,,,,
782,0,0.169343418,0,0.505341793,0.325314845,0.004384094,,,,,,,
783,0.000554426,0,0,0.67358102,0.32586461,0.004484606,,,,,,,
784,0,0,0,0.909188911,0.09081127,0.004470594,,,,,,,
785,0.061665762,0,0.024370277,0.653102731,0.260861279,0.004412539,,,,,,,
786,0.090524947,0,0,0.650156851,0.259318242,0.004414943,,,,,,,
787,0,0.129857504,0,0.808354454,0.061788112,0.004339366,,,,,,,
788,0.090442421,0,0,0.584859601,0.324698221,0.004513298,,,,,,,
789,0.016362074,0,0,0.762906955,0.220733532,0.004456026,,,,,,,
790,0.012856799,0.204826598,0,0.595147875,0.18716877,0.004313289,,,,,,,
791,0,0,0.113381191,0.542129952,0.344488979,0.004348628,,,,,,,
792,0,0.112679983,0,0.477080857,0.410241917,0.004328486,,,,,,,
793,0.077523693,0,0,0.612663376,0.309812933,0.004442984,,,,,,,
794,0.11540111,0,0,0.884600771,0,0.004467288,,,,,,,
795,0.093454844,0,0.022472662,0.582973553,0.301101669,0.004399082,,,,,,,
796,0.107363825,0,0.087290952,0.583687728,0.221657546,0.004384691,,,,,,,
797,0.181783727,0,0,0.684114978,0.134103561,0.004390294,,,,,,,
798,0.045708178,0,0.157390114,0.532944788,0.263959627,0.004271995,,,,,,,
799,0.125651297,0,0.123683991,0.566544236,0.184120566,0.004400713,,,,,,,
800,0.108326056,0,0.101127675,0.79054815,0,0.004275254,,,,,,,
801,0.101020906,0,0.005305401,0.596140357,0.297533366,0.004374735,,,,,,,
802,0.002775274,0.223140023,0.016933035,0.445840852,0.311310896,0.004415162,,,,,,,
803,0.105890781,0,0.048100816,0.575358546,0.270652593,0.004302743,,,,,,,
804,0.066833439,0,0,0.631248486,0.30191807,0.004418392,,,,,,,
805,0,0,0.057711084,0.625065147,0.317223753,0.004389947,,,,,,,
806,0.132389981,0,0,0.712329583,0.155283128,0.004422851,,,,,,,
807,0,0,0,0.74682536,0.253175483,0.004509177,,,,,,,
808,0.171101585,0,0,0.634089576,0.194808951,0.004373001,,,,,,,
809,0.027930651,0,0,0.728585107,0.2434864,0.004289765,,,,,,,
810,0,0,0.037336049,0.734308392,0.228358281,0.004433023,,,,,,,
811,0.024606483,0,0,0.681468884,0.293924697,0.004550811,,,,,,,
812,0.021696092,0,0.077355754,0.586907666,0.31404056,0.004394125,,,,,,,
813,0,0.096012911,0,0.627993996,0.275993096,0.004356597,,,,,,,
814,0,0,0,1,0,0.004394952,,,,,,,
815,0.081078125,0.06738591,0,0.569939495,0.28159923,0.004258597,,,,,,,
816,0,0.048681253,0,0.635054489,0.316264299,0.00442823,,,,,,,
817,0.058024211,0.18103209,0,0.518434089,0.242509666,0.004251348,,,,,,,
818,0.072679854,0,0,0.79397248,0.133347725,0.004418777,,,,,,,
819,0,0,0,0.527452962,0.472547077,0.00445784,,,,,,,
820,0.14399428,0,0,0.631907575,0.224098178,0.004283269,,,,,,,
821,0.167738297,0,0,0.832261751,0,0.004314534,,,,,,,
822,0.118541847,0,0,0.478739792,0.402720053,0.004319563,,,,,,,
823,0.13433275,0.071847561,0,0.612683981,0.181135787,0.004333449,,,,,,,
824,0,0.117941147,0,0.600693117,0.281365771,0.004312091,,,,,,,
825,0.109064835,0,0,0.813371026,0.077566573,0.004540742,,,,,,,
826,0.191494452,0,0,0.735604351,0.072901268,0.004432261,,,,,,,
827,0,0.086576349,0.047051805,0.586896541,0.279475333,0.004279176,,,,,,,
828,0.025059515,0,0.08753156,0.625902104,0.261506874,0.004322752,,,,,,,
829,0,0,0.135055337,0.598378865,0.266565839,0.004303154,,,,,,,
830,0.110144871,0,0,0.649013696,0.2408415,0.004401387,,,,,,,
831,0.049037874,0,0.07638984,0.741025172,0.133547147,0.004522141,,,,,,,
832,0,0.0915566,0,0.79500739,0.113438628,0.004489407,,,,,,,
833,0,0.151420005,0,0.572185035,0.276395009,0.004312856,,,,,,,
834,0.179813788,0,0,0.663390224,0.156798649,0.004335594,,,,,,,
835,0.086930254,0,0,0.575778579,0.337293893,0.004394428,,,,,,,
836,0.1645289,0.036251041,0,0.628201497,0.171018536,0.004350365,,,,,,,
837,0.005304986,0.131180112,0,0.566285536,0.297229405,0.004375822,,,,,,,
838,0.073503737,0.031272629,0.184482877,0.7107408,0,0.004205152,,,,,,,
839,0.044903193,0,0.130449367,0.598111896,0.226538309,0.004321001,,,,,,,
840,0.108369139,0,0,0.73681777,0.154813139,0.004326769,,,,,,,
841,0.177057775,0.063092558,0,0.555754758,0.204094965,0.00429163,,,,,,,
842,0.159026069,0,0,0.605679614,0.235294393,0.004375847,,,,,,,
843,0.058040014,0,0,0.805073171,0.136888215,0.004175783,,,,,,,
844,0.057651914,0,0.110567742,0.506366806,0.325413576,0.004289911,,,,,,,
845,0,0,0,0.706365849,0.293634208,0.004495071,,,,,,,
846,0.135015758,0,0,0.628001893,0.236985075,0.004337761,,,,,,,
847,0.032227543,0,0.051516649,0.625715062,0.290540793,0.004399066,,,,,,,
848,0.070301826,0,0,0.63025211,0.299446096,0.004470424,,,,,,,
849,0.099429887,0.007381395,0,0.893188887,0,0.00455764,,,,,,,
850,0.025821931,0,0.037874891,0.620605747,0.315697468,0.00444537,,,,,,,
851,0.19538195,0,0,0.804619357,0,0.004368048,,,,,,,
852,0,0,0,0.731479854,0.268520205,0.004501581,,,,,,,
853,0,0,0,0.674129037,0.325871018,0.004448875,,,,,,,
854,0.152046452,0,0,0.333703984,0.514249618,0.004310053,,,,,,,
855,0.203892658,0,0,0.637345179,0.158762916,0.004354222,,,,,,,
856,0.166185222,0,0,0.69679358,0.137023884,0.00444338,,,,,,,
857,0.017374399,0.006985954,0.06478374,0.643775736,0.267080224,0.004368028,,,,,,,
858,0,0.243356465,0,0.480281978,0.276364243,0.004235316,,,,,,,
859,0.083705768,0,0,0.593654005,0.322642359,0.004310713,,,,,,,
860,0,0.152552783,0,0.616789113,0.230658153,0.004223897,,,,,,,
861,0.020259571,0,0,0.837209877,0.142530608,0.004493333,,,,,,,
862,0.177526463,0,0,0.61968509,0.202788477,0.004431006,,,,,,,
863,0.062699441,0,0,0.612203156,0.325097429,0.00435464,,,,,,,
864,0.023057454,0.053050302,0,0.728347721,0.19554455,0.004312572,,,,,,,
865,0.044753466,0,0,0.715577157,0.239670302,0.004464945,,,,,,,
866,0.108481707,0,0,0.89152046,0,0.004423211,,,,,,,
867,0,0.071333636,0,0.750857934,0.177808479,0.004381606,,,,,,,
868,0.08070777,0,0.023856751,0.655116659,0.240318887,0.004510903,,,,,,,
869,0.092126012,0,0,0.672588688,0.235285342,0.004435702,,,,,,,
870,0.074099317,0,0,0.674055712,0.25184499,0.004422577,,,,,,,
871,0.122898609,0.01450622,0,0.719635366,0.142959883,0.004353611,,,,,,,
872,0,0,0.134135325,0.622628687,0.243236011,0.004383168,,,,,,,
873,0,0.164968104,0,0.835031912,0,0.004288827,,,,,,,
874,0.095595648,0,0,0.690411487,0.21399291,0.004400873,,,,,,,
875,0.184525603,0,0,0.670102643,0.145371785,0.004332068,,,,,,,
876,0.262685449,0,0,0.541337574,0.19597702,0.004299478,,,,,,,
877,0.0111733,0,0,0.722085742,0.266740977,0.004461179,,,,,,,
878,0,0.052520744,0,0.449254272,0.498224951,0.004399422,,,,,,,
879,0.015756199,0,0.012096647,0.711345566,0.260801638,0.004460094,,,,,,,
880,0,0.16931165,0,0.612231659,0.218459434,0.004298361,,,,,,,
881,0.124586365,0,0,0.520288288,0.355125365,0.004179628,,,,,,,
882,0.069251015,0,0,0.767206041,0.163543426,0.004482566,,,,,,,
883,0.119550133,0,0,0.581684619,0.298765278,0.004478202,,,,,,,
884,0.020616813,0.111540814,0,0.628732934,0.239109513,0.00444304,,,,,,,
885,0.119822507,0,0,0.667686077,0.212494024,0.004423452,,,,,,,
886,0.022541934,0,0.195644371,0.666283657,0.115530081,0.004290775,,,,,,,
887,0.246174047,0,0,0.580943204,0.172882768,0.004333957,,,,,,,
888,0.088332133,0.036995644,0,0.460078369,0.41459381,0.004452025,,,,,,,
889,0.153869702,0.005049545,0.102584647,0.538585157,0.199913676,0.004344711,,,,,,,
890,0,0.159828213,0,0.669654528,0.170519252,0.004392283,,,,,,,
891,0.096497626,0,0.138256188,0.566547857,0.198698366,0.004338273,,,,,,,
892,0.059586331,0,0,0.631271572,0.309142122,0.004425618,,,,,,,
893,0,0,0,0.861312947,0.138687098,0.004614554,,,,,,,
894,0,0,0,0.750878733,0.249121878,0.004482513,,,,,,,
895,0,0,0,0.644636974,0.35536305,0.004492704,,,,,,,
896,0,0,0,0.477137848,0.522862164,0.004408868,,,,,,,
897,0.082147475,0,0,0.833718002,0.084137272,0.004543759,,,,,,,
898,0.128983402,0,0,0.670308137,0.200711175,0.004510687,,,,,,,
899,0,0,0,0.809181758,0.190818285,0.004566589,,,,,,,
900,0.15002874,0,0,0.422052349,0.427921563,0.004296111,,,,,,,
901,0.063828469,0,0.045327482,0.812969448,0.077877196,0.004435027,,,,,,,
902,0.003335626,0.057365047,0,0.720375203,0.218924207,0.00421468,,,,,,,
903,0.104606853,0,0,0.793795764,0.101597446,0.004333264,,,,,,,
904,0.047523017,0,0,0.647999372,0.304477659,0.004384155,,,,,,,
905,0,0,0.140952367,0.587435857,0.27161186,0.004407152,,,,,,,
906,0.028528012,0,0,0.761938771,0.209533266,0.004486818,,,,,,,
907,0.055837129,0.079291917,0,0.712949929,0.151921043,0.004417858,,,,,,,
908,0,0,0,0.831320079,0.168680342,0.004533999,,,,,,,
909,0.04671278,0.103908984,0.086595929,0.578160846,0.1846242,0.004139985,,,,,,,
910,0,0.142585276,0,0.59987005,0.257544694,0.004323927,,,,,,,
911,0.105805025,0,0,0.661348136,0.232846866,0.004383435,,,,,,,
912,0.10164805,0,0,0.664537496,0.233814516,0.004404915,,,,,,,
913,0.102389329,0,0,0.62973967,0.267871011,0.004476853,,,,,,,
914,0,0.040954988,0,0.557303651,0.40174135,0.004269727,,,,,,,
915,0.079235972,0,0,0.559012624,0.361751393,0.004395015,,,,,,,
916,0,0,0.008433339,0.695329606,0.296237137,0.004378497,,,,,,,
917,0,0,0,0.844321189,0.155678984,0.0045801,,,,,,,
918,0.13230102,0,0,0.633854294,0.23384536,0.004335844,,,,,,,
919,0.183980548,0,0.169315392,0.578700908,0.068005897,0.004276403,,,,,,,
920,0.002224284,0,0,0.788215592,0.209560699,0.00451746,,,,,,,
921,0.235675924,0,0,0.764324286,0,0.004316646,,,,,,,
922,0.072876601,0,0,0.716884852,0.210241038,0.004493767,,,,,,,
923,0,0,0,0.697697318,0.302302715,0.004409283,,,,,,,
924,0.159775846,0,0,0.795900867,0.044325035,0.004609589,,,,,,,
925,0,0,0,0.79337225,0.206628361,0.004418794,,,,,,,
926,0,0.041681069,0.180046986,0.710751378,0.067520566,0.004309383,,,,,,,
927,0.082629429,0,0,0.814977739,0.102392866,0.004379354,,,,,,,
928,0.095224246,0,0,0.652428256,0.252347604,0.004386111,,,,,,,
929,0.000830509,0,0,0.772793049,0.226376465,0.004460929,,,,,,,
930,0.064196782,0,0,0.744544205,0.191259026,0.004384879,,,,,,,
931,0.068022047,0.181741578,0,0.603692121,0.146547011,0.004347479,,,,,,,
932,0.103150335,0,0.020292312,0.740694746,0.13586262,0.004384003,,,,,,,
933,0.308565124,0.057457726,0,0.633977222,0,0.0043199,,,,,,,
934,0.059628924,0.026120927,0,0.713484405,0.200768496,0.004323679,,,,,,,
935,0,0,0.065033654,0.665012151,0.26995424,0.004451778,,,,,,,
936,0.055601281,0,0,0.824406098,0.119992663,0.004562586,,,,,,,
937,0.154241108,0,0,0.816614386,0.029144545,0.00454714,,,,,,,
938,0.08266724,0,0,0.640032341,0.277300464,0.004419016,,,,,,,
939,0.16288045,0,0,0.618946119,0.218173472,0.004390681,,,,,,,
940,0.07711191,0.074165226,0,0.696201663,0.152521248,0.004337644,,,,,,,
941,0.106741079,0,0,0.671700766,0.221558178,0.004367301,,,,,,,
942,0.078125738,0,0,0.607662465,0.314211804,0.004343626,,,,,,,
943,0.026648241,0.118899384,0,0.615605687,0.238846696,0.004326079,,,,,,,
944,0.078871423,0,0,0.826005288,0.095123334,0.004362706,,,,,,,
945,0,0.037247924,0,0.498330499,0.464421607,0.004350526,,,,,,,
946,0.196902715,0,0.166792274,0.636305523,0,0.004224147,,,,,,,
947,0.117731882,0.020301608,0,0.742777694,0.119188861,0.004281706,,,,,,,
948,0.073740064,0,0,0.767599022,0.158660969,0.004355769,,,,,,,
949,0.023653083,0,0.015581952,0.63696761,0.323797376,0.004388002,,,,,,,
950,0,0,0,0.717636608,0.28236342,0.00457491,,,,,,,
951,0,0,0.029861422,0.644877486,0.325261134,0.004456081,,,,,,,
952,0.054737726,0.132228387,0,0.532319734,0.280714175,0.004313595,,,,,,,
953,0.012196815,0.098762582,0.046891728,0.476799217,0.365349657,0.004347513,,,,,,,
954,0.063790511,0,0.041939066,0.5756292,0.318641263,0.004451167,,,,,,,
955,0.114739433,0.146517706,0,0.560995623,0.177747527,0.004271627,,,,,,,
956,0.002275044,0,0,0.73043821,0.267286813,0.004358647,,,,,,,
957,0.071587252,0,0.142175796,0.786239667,0,0.004294676,,,,,,,
958,0.129877167,0.056297426,0.072676556,0.533123265,0.208025596,0.004335494,,,,,,,
959,0,0.030060892,0,0.702263925,0.267675251,0.00446528,,,,,,,
960,0.124050838,0,0,0.626087457,0.249864446,0.00450261,,,,,,,
961,0.145224276,0,0,0.702550668,0.152225593,0.004289395,,,,,,,
962,0.20122279,0.020628307,0,0.622493993,0.155654987,0.004286396,,,,,,,
963,0.082040178,0.122483657,0,0.6919026,0.103573645,0.004432722,,,,,,,
964,0,0,0,0.722564739,0.277435298,0.004491744,,,,,,,
965,0.081535769,0,0,0.632057124,0.286407136,0.004520309,,,,,,,
966,0,0,0.078345609,0.530962487,0.390691918,0.004405152,,,,,,,
967,0.102206601,0,0.050209081,0.643814385,0.20376997,0.004371268,,,,,,,
968,0,0,0,0.789385921,0.210614371,0.004557777,,,,,,,
969,0.177067915,0,0.023186451,0.694359635,0.105388722,0.004298164,,,,,,,
970,0,0,0,0.706753856,0.293246193,0.004352331,,,,,,,
971,0,0,0,0.78787194,0.212129394,0.00447445,,,,,,,
972,0.05707356,0,0,0.69472494,0.248201634,0.004405472,,,,,,,
973,0.17333919,0,0.029586115,0.708183901,0.088890893,0.004408486,,,,,,,
974,0,0.038937241,0.034756208,0.546564593,0.379744723,0.00420384,,,,,,,
975,0.09576034,0,0,0.63848465,0.265755279,0.004352859,,,,,,,
976,0,0,0,0.837550495,0.16244956,0.004425038,,,,,,,
977,0.118248941,0.033126015,0,0.746654741,0.101970339,0.004389136,,,,,,,
978,0.155831623,0,0,0.774434148,0.069734284,0.004394569,,,,,,,
979,0,0.011000966,0,0.842563549,0.146435562,0.004298457,,,,,,,
980,0.104427447,0,0,0.778495085,0.117077491,0.004426037,,,,,,,
981,0.126824814,0,0,0.459282645,0.413892523,0.00444071,,,,,,,
982,0,0,0.176616602,0.616821966,0.20656152,0.004268853,,,,,,,
983,0.190689644,0,0,0.67500938,0.134302046,0.004357273,,,,,,,
984,0,0.026319881,0,0.761671033,0.212011566,0.00446487,,,,,,,
985,0,0.026988499,0.148932687,0.523185095,0.300893735,0.004209183,,,,,,,
986,0,0.049034191,0.081865613,0.625956837,0.243143409,0.00440436,,,,,,,
987,0,0.069794492,0,0.733123128,0.197085116,0.004505956,,,,,,,
988,0.246288778,0,0.150664857,0.603048926,0,0.004255754,,,,,,,
989,0.091598913,0,0,0.719357382,0.189043787,0.004452455,,,,,,,
990,0,0,0,0.826269409,0.173730629,0.00444423,,,,,,,
991,0.112233315,0,0,0.64484012,0.242926585,0.004542351,,,,,,,
992,0,0,0,0.836789966,0.16321009,0.004432975,,,,,,,
993,0.028769542,0,0,0.712204195,0.259026338,0.004574321,,,,,,,
994,0.109518965,0,0,0.517605241,0.372875801,0.004305891,,,,,,,
995,0.234712721,0,0,0.685814889,0.079475095,0.004306404,,,,,,,
996,0.095794524,0,0.046659432,0.509220796,0.348325255,0.004383475,,,,,,,
997,0.157675052,0,0,0.752322652,0.090005013,0.004472943,,,,,,,
998,0.057409613,0,0,0.641750429,0.300840013,0.004459436,,,,,,,
999,0.049718096,0.019530041,0,0.541288274,0.389466298,0.004507349,,,,,,,
1000,0,0.166566867,0,0.379890499,0.453545328,0.004331544,,,,,,,